book_anthor,book_click_nums,book_name,book_status,book_time,book_type,book_words
梦栖,206,龙神令,连载中,2018-08-05 23:43:05,玄幻奇幻,82748
白鹭成双,336,春闺梦里人,完本,2019-01-18 02:14:32,玄幻奇幻,892309
瑛熠月溟,152,星陨月殇,连载中,2017-11-08 19:33:15,玄幻奇幻,178697
剑底扬尘,622,仙衍尘,连载中,2015-10-05 01:59:30,武侠修真,0
微扬,14,一见你我就想结婚,连载中,2019-12-09 22:09:11,女频频道,415285
猫叔的小店,35537,网游之黄昏战士,连载中,2019-06-30 21:48:00,网游竞技,1828993
一岁一枯荣a,4447,吾在荒古捡属性,连载中,2019-06-30 20:54:58,网游竞技,644589
苏庸,156235,精灵养成系统,连载中,2019-07-01 00:51:00,网游竞技,457809
咱的小刀,3891,疯狂进化的虫子,连载中,2019-07-01 00:55:00,网游竞技,2677
时之音,1887,宇宙战舰少女,连载中,2019-07-01 01:22:00,网游竞技,203461
白宸墨寮,77,戟何,连载中,2018-08-13 23:58:37,玄幻奇幻,40655
何处归乡,476,重生都市写轮眼,连载中,2019-02-03 20:23:45,玄幻奇幻,4027401
沈半闲,143,凤栖南枝,连载中,2019-12-09 22:53:04,女频频道,411563
半面羽毛,140,孕期女神,连载中,2019-12-09 22:53:39,女频频道,362155
纯洁滴小龙,370,魔临,连载中,2019-12-09 22:53:21,女频频道,656695
零零零,304,超能力客栈,连载中,2019-12-10 16:49:20,女频频道,620889
落欢而逃,20,幸得余生终遇你,连载中,2019-12-09 23:02:27,女频频道,9603
无敌呆呆,981,空间医女：穿梭古今做代购,连载中,2019-12-09 23:19:00,女频频道,1045000
贩梦,0,亲吻101次：代孕娇妻娶一送一,连载中,2019-04-24 23:17:59,女频频道,2141704
沐九九,34,我家竟然是首富,连载中,2019-12-07 16:52:02,女频频道,327122
诗雨如梦,2738,锦上妻,连载中,2019-12-07 17:00:00,女频频道,763751
小猪飞上树,15,我真只想安静修个仙,连载中,2019-12-07 17:22:19,女频频道,81970
一叶西,75,相思劫了又劫,连载中,2019-12-07 18:54:54,女频频道,128356
沐雨,186,恋你如初,连载中,2019-04-05 17:27:42,女频频道,98580
三月未暖,139,追婚99次：鲜妻太撩人,连载中,2019-04-05 16:47:56,女频频道,2185361
裤裤桑,906,傻妃不好惹,连载中,2016-12-29 16:35:21,女生小说,3443
夜紫花开,382,神王狂妻,连载中,2016-12-29 16:35:52,女生小说,18326
颜倾天下,5192,冷血魔君的废柴妃,连载中,2016-12-29 16:35:55,女生小说,9285
黎若,439,穿越本色，宠妃难控制,连载中,2016-12-29 16:36:11,女生小说,3625
玖月雪,1871,火影穿越之鬼瞳秋茫,连载中,2016-12-29 16:36:20,女生小说,3901
七衿,4572,自己挖的坑果然要自己填,连载中,2016-12-29 16:37:00,女生小说,3186
逆雪晨,583,神级保安,连载中,2016-12-29 16:37:01,女生小说,2682
华年似风,488,乱世红颜：倾城皇后,连载中,2016-12-29 16:37:06,女生小说,4124
忘穿秋裤,1486,玩美高手在都市,连载中,2016-12-29 16:37:01,女生小说,119294
安默暖,442,拒婚老婆，么么哒,连载中,2016-12-29 16:37:17,女生小说,32963
月三千,266,弃凤成龙,连载中,2016-12-29 16:37:22,女生小说,6541
贪声恋色,820,倾国为聘,连载中,2016-12-29 16:37:19,女生小说,3459
笔墨弦歌,273,乱世红妆,连载中,2016-12-29 16:37:29,女生小说,3491
布歌,260,如何情深,连载中,2016-12-29 16:37:29,女生小说,3336
璇之之,2575,前妻，束手就婚,连载中,2016-12-29 16:37:53,女生小说,7860
墨衣凉,234,避君三尺,连载中,2016-12-29 16:37:45,女生小说,1560
明月西,2452,总裁误宠替身甜妻,连载中,2016-12-29 16:38:02,女生小说,4135
秋焰,744,任性老婆好V5,连载中,2016-12-29 16:38:48,女生小说,3217
机械键盘,2001,霉妃瑟舞,连载中,2016-12-29 16:38:50,女生小说,2738
执灯人,1047,一品狂后：本宫有仇必报,连载中,2016-12-29 16:39:09,女生小说,0
赵煜,550,婉清，我们可不可再继续,连载中,2019-04-05 20:33:39,女频频道,930815
七紫墨,696,新锐嫡女：王爷请低头,连载中,2019-04-05 22:53:05,女频频道,295549
风舞红叶,150,凤舞红叶,连载中,2019-04-06 13:00:00,女频频道,588543
泯叶,696,溺宠99法则：吻安，离少,连载中,2019-04-06 08:49:26,女频频道,1637932
孤盏无眠,752,异界独宠：废女要逆天,连载中,2019-04-06 12:25:00,女频频道,2637051
晚虫,136,快穿之梦见,连载中,2019-04-06 10:00:00,女频频道,153757
冰蝶攸攸,281,斗龙战士之友谊的消失,连载中,2019-04-06 18:22:34,女频频道,22163
花无双,557,晨光已熹微,连载中,2019-04-06 13:30:00,女频频道,1395386
木头笔,789,重生一九九六,连载中,2019-04-06 18:34:01,女频频道,1517916
月下清辉,58,我的甜蜜仇人,连载中,2019-04-06 21:41:54,女频频道,33586
辞音甜,3999,快穿女神经：反派从不走剧情,连载中,2019-04-06 22:01:36,女频频道,965307
莲凝月霜,240,男神住隔壁：逃婚鲜妻是影帝,连载中,2019-04-06 23:58:02,女频频道,359650
桃花点公子,336,娶个山贼当夫人,连载中,2019-04-07 00:14:29,女频频道,482189
许三顾,231,太子殿下藏的深,连载中,2019-04-07 00:00:47,女频频道,180162
淡娘,168,大脑拯救宝典：系统君，滚粗,连载中,2019-04-07 06:38:12,女频频道,688698
灿灿是老大,738,把小狼狗还给我,连载中,2019-04-07 19:27:51,女频频道,7896559
樱落三千,143,皇家小田妻,连载中,2019-03-09 23:45:11,女频频道,419560
倦客行书,89,域场传说之匪气女王,连载中,2019-04-07 20:17:48,女频频道,110164
予过维扬,1127,穿到古代带女团,连载中,2019-12-07 19:05:51,女频频道,546422
凤舞在天,219,锦绣清宫四爷护妻日常,连载中,2019-12-07 19:11:11,女频频道,318111
梁妃儿,1456,妖妃她今天也想造反,连载中,2019-12-07 20:03:34,女频频道,622121
齐若璃,156,你是我青春里唯一的喜欢,连载中,2019-12-07 20:20:00,女频频道,298188
苏沐叶,835,重生影后有点刚,连载中,2019-12-07 20:13:43,女频频道,341122
白衣素雪,333,王爷，王妃喊你来生娃,连载中,2019-12-07 20:27:10,女频频道,422302
冰凉红心,145,村民苏果果,连载中,2019-12-07 21:08:39,女频频道,249100
落日丞,0,暗恋100分,连载中,2019-12-07 20:29:16,女频频道,24716
烟波起落如梦,27,明月笙箫挽清风,连载中,2019-12-07 21:11:20,女频频道,305230
庭小暖,1118,重生嫡女，腹黑王爷跟我走,连载中,2019-12-07 21:18:10,女频频道,204219
林上盛绰,207,星际鉴牌师,连载中,2019-12-07 21:35:00,女频频道,303506
不问世,2,栀七传,连载中,2019-12-07 21:32:32,女频频道,100651
百里萦h,1818,冷帝的娇宠皇后,连载中,2019-12-07 22:13:52,女频频道,509329
异样的红,257,重生五零有良缘,连载中,2019-12-07 22:00:01,女频频道,627218
顾翩然,2351,温少你老婆又作死了,连载中,2019-12-07 22:15:34,女频频道,811552
一米尘,70,皇家炼丹师,连载中,2019-12-09 23:17:34,女频频道,77597
郭家,1932,我行走在诸天世界,连载中,2019-12-09 23:18:58,女频频道,1081745
楼妆,708,当家嫡女莫轻薄,连载中,2019-12-09 23:19:30,女频频道,117727
木子以栖,2,狐妃嚣张：独宠高冷仙君,连载中,2019-12-09 23:19:07,女频频道,192077
弥洛佛,873,王爷是病娇，要宠着！,连载中,2019-12-09 23:19:32,女频频道,160920
木木兰,632,王爷，你的肋骨掉了,连载中,2019-12-09 23:20:01,女频频道,193197
管它岁月几秋,72,只锦,连载中,2019-12-09 23:20:02,女频频道,519067
明天织毛衣,21,我走错了重生门,连载中,2019-12-09 23:20:33,女频频道,126505
云墨砚,139,男装大佬在娱乐圈,连载中,2019-12-09 23:19:30,女频频道,350671
朱钰,15,我在古代嗑CP,连载中,2019-12-09 23:21:41,女频频道,92956
青冥迦若,1470,八零年代女首富,连载中,2019-12-09 23:21:42,女频频道,2155680
轻言,751,掌家福妻,连载中,2019-12-09 23:22:00,女频频道,146844
边花,2182,将军，孤本红妆,连载中,2019-12-09 23:22:12,女频频道,267180
言箬,582,瓜田妻下：俊俏哑夫有点憨,连载中,2019-12-09 23:22:16,女频频道,115997
默笙,507,娇妻难逃：九爷心尖宠,连载中,2019-12-09 23:24:32,女频频道,1083142
追梦的猪猪少女,15,同桌追定你了,连载中,2019-12-09 23:22:48,女频频道,697821
青芽红豆,12337,重生七零有宝妻,连载中,2019-12-09 23:21:50,女频频道,5034407
不归王,2,娘娘她擅攻心,连载中,2019-12-09 23:18:48,女频频道,182159
猫儿吃草,12,大师兄我抓住你了,连载中,2019-12-09 23:22:30,女频频道,766265
水卿卿,2462,九十九度甜婚,连载中,2019-12-09 23:07:28,女频频道,3984904
奶萌仙,29,反派男神洗白攻略,连载中,2019-12-09 23:04:08,女频频道,100180
秦兮,24603,权门贵嫁,连载中,2019-12-09 23:10:34,女频频道,1592298
橡树呀,104,萌妻她从天上来,连载中,2019-12-09 23:07:33,女频频道,576322
笑烟云,73,我很乖请对我好一点,连载中,2019-12-09 23:09:22,女频频道,271602
莫时离,18,我在作死边缘疯狂试探,连载中,2019-12-09 23:11:43,女频频道,80319
饭团开花,78783,农女有田：娘子，很彪悍,连载中,2019-12-09 23:10:16,女频频道,3731450
非10,4716,喜上眉头,连载中,2019-12-09 23:13:23,女频频道,2507318
泡泡卷1,138,夫骄,连载中,2019-12-09 23:13:36,女频频道,432860
最凉的人心,71,从千万家产被骗开始,连载中,2019-12-09 23:12:04,女频频道,87932
花朝十四,116,卿卿醉光阴,连载中,2019-12-09 23:12:51,女频频道,663882
甜甜酒桃桃花,7,侧妃娘娘洪福齐天,连载中,2019-12-09 23:14:59,女频频道,254402
第一修罗,10,阴生子,连载中,2019-12-09 23:11:27,女频频道,199359
江酌,29,山河入宴,完本,2019-12-09 23:17:04,女频频道,154656
南天道夫,20,墓下诡门棺,连载中,2019-12-09 23:16:38,女频频道,99393
木头笔,41,七零反派女娇娇,连载中,2019-12-09 23:17:38,女频频道,99610
顾家十八,187,农家科举之路,连载中,2019-12-09 23:16:40,女频频道,490348
星光如梦,7,最强重生：替嫁娇妻不好惹,连载中,2019-12-09 22:54:29,女频频道,160202
濯水清浅,523,金童记,连载中,2019-12-09 23:18:11,女频频道,1402269
漫漫听雪,3,王爷又掐我桃花了,连载中,2019-12-09 22:54:22,女频频道,217398
唐大能,20,官人请还俗,连载中,2019-12-09 22:58:46,女频频道,361872
安梨棠,29,护国山庄之四大护法,连载中,2019-12-09 22:56:46,女频频道,608792
吃布丁,8398,重生军婚：首长，夫人又虐渣啦,连载中,2019-12-09 22:58:19,女频频道,886037
笑寒烟,14225,重生嫡女有空间,连载中,2019-12-09 22:59:43,女频频道,9048954
夜行狗,2283,我能回档不死,连载中,2019-12-09 23:00:00,女频频道,1654230
奂楚,30,老公又苏炸全世界了,连载中,2019-12-09 22:59:04,女频频道,226919
白流酥,2,殿堂欢,连载中,2019-12-09 23:00:21,女频频道,973688
恬语沁,30,世界因你而甜,连载中,2019-12-09 23:00:26,女频频道,194833
江山一顾,33,穿成赘婿文男主的前妻,连载中,2019-12-09 22:59:14,女频频道,366385
狐美人,2,无爱妍婚：温少缠上瘾,连载中,2019-12-09 23:00:48,女频频道,120579
姬之叶,68,世子妃想我了吗,连载中,2019-12-09 22:59:33,女频频道,277123
白堇念,897,亲爱的鲸,连载中,2019-12-09 23:01:29,女频频道,392089
兔子歪歪,197,恶毒下堂妻,连载中,2019-12-09 23:04:37,女频频道,423660
花浮萍,6,差点就是末世,连载中,2019-12-09 22:40:02,女频频道,244248
饭团桃子控,997,衣手遮天,连载中,2019-12-09 23:05:59,女频频道,781499
朵寂,16797,香辣农女：山里汉子太爱撩,连载中,2019-12-09 23:04:16,女频频道,1555184
棠梨煎雨,63,田园福妃,连载中,2019-12-09 22:41:45,女频频道,81716
鹿小策,1804,少帅的女娇医,连载中,2019-12-09 22:41:48,女频频道,717414
爱写作的胖胖,7,拥抱世界的每一个你,连载中,2019-12-09 22:42:28,女频频道,142357
落叶芳流水,175,烟锁相思殇红尘,连载中,2019-12-09 22:42:00,女频频道,1358423
左心右房,388,我家娘子要纳夫,连载中,2019-12-09 22:42:58,女频频道,180221
墨晗希,34,隔壁青梅有点酸,连载中,2019-12-09 22:39:40,女频频道,449814
长岁千安,9,穿书之男主总是爱撩我,连载中,2019-12-09 22:44:04,女频频道,257262
出其东门,107,杨家有女宜室宜家,连载中,2019-12-09 22:43:57,女频频道,393575
千汐月,1427,吉星高照：胖媳旺夫忙,连载中,2019-12-09 22:44:07,女频频道,214928
纸上飘,13,穿成白月光落地成霜,连载中,2019-12-09 22:45:06,女频频道,213316
绛珠仙,6,我家夫君真好看,连载中,2019-12-09 22:43:03,女频频道,284566
理想花,839,重生娇妻很嚣张,连载中,2019-12-09 22:46:59,女频频道,715105
洇紫,2,太子的超龄女友,连载中,2019-12-09 21:52:01,女频频道,242053
乃音,38,张小花的秘密,连载中,2019-12-09 22:47:38,女频频道,147899
忆叶飘,238,农女种田十里香,连载中,2019-12-09 22:48:04,女频频道,398846
云轻陌,57,反派大佬在线掉马,连载中,2019-12-09 22:49:57,女频频道,239193
殷辞夕,232,别拦着我征服世界,连载中,2019-12-09 22:45:53,女频频道,508328
常常语馨,50,爱在大不列颠,连载中,2019-12-09 22:51:52,女频频道,220332
修仙工作者,14,我真活了一万年,连载中,2019-12-09 22:49:59,女频频道,165174
刀落,5580,雄霸神荒,完本,2019-04-10 10:55:49,玄幻奇幻,6665795
罗小西,186,兽王殿下，不要配！,连载中,2018-09-11 19:28:54,玄幻奇幻,468050
尼古拉斯丁一,192,地狱少年王,连载中,2018-08-19 19:33:19,玄幻奇幻,42053
鹅是老五,2967,纨绔疯子,完本,2019-04-11 06:47:06,玄幻奇幻,1761574
搞笑的炎宝,99,冥玄破,连载中,2019-01-01 22:26:29,玄幻奇幻,92455
腾燕冰,56,凤凰之舞谋天下,连载中,2018-08-20 10:58:04,玄幻奇幻,125269
白糖糕,75,观之清香，饮之可口,连载中,2018-10-13 22:16:16,玄幻奇幻,73669
离剑天涯,600,逆剑武神,连载中,2018-12-21 14:40:03,玄幻奇幻,1377854
萧颜笑,139,暗影绝天,连载中,2018-09-17 11:58:02,玄幻奇幻,119246
莫知君,491,九龙圣尊,连载中,2019-03-22 18:00:00,玄幻奇幻,2623739
寒山岭下一棵松,94,风雪靖苍生,连载中,2019-01-31 17:55:21,玄幻奇幻,324441
几近流年,172,魂曜星尘,连载中,2018-09-11 23:08:35,玄幻奇幻,209858
快乐的心之天使,57,腹黑美男别追我,连载中,2018-08-12 19:11:18,玄幻奇幻,3155
叶十钰,66,RY,连载中,2018-08-18 14:23:41,玄幻奇幻,14744
云泪天雨,1333,鸿蒙圣王,完本,2019-04-26 14:48:39,玄幻奇幻,2547927
云^大人,165,凰眸,连载中,2018-08-23 17:21:32,玄幻奇幻,49730
漠烟倾,1658,倾世谋妃,完本,2019-04-08 23:09:35,玄幻奇幻,627961
冰月雪雨,206,铁甲威虫之魔法之力,连载中,2018-08-17 11:18:08,玄幻奇幻,8504
善人意,95,仙君我要报恩,连载中,2019-04-10 01:10:47,玄幻奇幻,242428
樊笼也自然,525,妖女乱国,连载中,2019-12-09 22:28:47,女频频道,1462420
林慕深,582,听说超级大佬甜炸了,连载中,2019-12-09 22:28:09,女频频道,845357
君雪殇,7,魅尊倾城,连载中,2019-12-09 22:27:27,女频频道,228320
辞大爷,16,宿主今天又在搞事,连载中,2019-12-09 22:30:00,女频频道,161779
青瓷小喵,225,国民偶像住隔壁,连载中,2019-12-09 22:30:50,女频频道,559604
妃,70,大家都赞我旺夫,连载中,2019-12-09 22:30:12,女频频道,627215
九五万福,12,妖皇非要谈恋爱,连载中,2019-12-09 22:28:23,女频频道,122065
清无斋,494,空间女的田园生活,连载中,2019-12-09 22:31:48,女频频道,177422
爱吃白米饭,10,盛宠庶女：将军大人，别跑,连载中,2019-12-09 22:30:00,女频频道,304049
香辣小龙虾,257,我背负全球未来四年的秘密,连载中,2019-12-09 22:30:27,女频频道,560550
平生不晚,4,我和秦先生,连载中,2019-12-09 22:32:56,女频频道,18908
秋天blue,9,孤岛上的薄荷,连载中,2019-12-09 22:34:10,女频频道,124965
西瓜巨萌,11,千亿豪门：霍少入戏太深,连载中,2019-12-09 22:34:42,女频频道,251228
新初二,392,大家诡秀,连载中,2019-12-09 22:36:37,女频频道,1818378
鹭人甲,483,不负相思便染尘埃,连载中,2019-12-09 22:37:24,女频频道,461503
包怂怂,331,鸿运渔女,连载中,2019-12-09 22:38:35,女频频道,172445
水彩鱼,576,重生九零：神医萌妻，超凶哒！,连载中,2019-12-09 22:39:48,女频频道,908155
木嬴,534,嫁偶天成,连载中,2019-12-09 22:41:26,女频频道,466541
三思ng,8,念娇之攻略丞相大人,连载中,2019-12-09 22:38:24,女频频道,38370
一纸芳华,14,楼主大人求放过,连载中,2019-12-09 22:37:26,女频频道,279955
三十六天,2255,符篆苍穹,连载中,2019-01-11 16:31:07,玄幻奇幻,10363249
醉眼红尘,273,归墟,连载中,2019-01-02 21:37:46,玄幻奇幻,2066533
江山一统,316,天耀九霄,连载中,2018-10-01 22:25:03,玄幻奇幻,1304036
杨鲜剩,349,武将九霄,连载中,2018-08-20 21:15:57,玄幻奇幻,37667
欢颜笑语,451,制霸女权世界,连载中,2019-03-31 12:10:00,玄幻奇幻,2275687
七烨公子,309,太古潜龙传,连载中,2019-02-03 22:30:13,玄幻奇幻,241145
别叫我马克,272,狂暴战兵,连载中,2019-02-04 17:35:34,玄幻奇幻,53627
云霆飞,2331,神魔霸体,连载中,2019-04-26 21:03:52,玄幻奇幻,4836220
大漠黑衣,82,虎视何雄哉,连载中,2018-08-31 22:34:07,玄幻奇幻,99425
观灯,182,囚天传,连载中,2018-08-21 22:29:01,玄幻奇幻,14027
小去钓鱼,288,血天大陆,连载中,2019-04-20 01:26:27,玄幻奇幻,1899082
珊瑚云几,170,魔力全开,连载中,2019-04-21 03:05:12,玄幻奇幻,127478
孤山百晓,106,幻之章,连载中,2018-05-20 23:01:21,玄幻奇幻,32323
九,177,朽木之下,连载中,2018-09-10 20:21:15,玄幻奇幻,179585
新版红双喜,1555,武道乾坤,完本,2019-04-25 19:47:52,玄幻奇幻,2520517
万古青莲,3818,绝鼎丹尊,完本,2019-04-17 06:33:04,玄幻奇幻,4895351
弓长马也,777,破极成仙,连载中,2018-01-08 23:18:29,玄幻奇幻,205347
茶山遛狗,431,地球来的修真者,连载中,2019-01-27 00:57:21,玄幻奇幻,537551
尚子牙,139,树神启示录I九丘,连载中,2018-10-08 13:59:15,玄幻奇幻,326170
蓝悦盈,105,爱在回忆中等你,连载中,2018-09-22 21:06:53,玄幻奇幻,147451
弃白,228,枭者,连载中,2018-08-20 00:12:30,玄幻奇幻,17092
开偃濠,130,史记小白传,连载中,2000-01-01 00:00:00,玄幻奇幻,0
齐离霄S,1450,不死玄尊,连载中,2019-04-26 01:22:57,玄幻奇幻,3688252
混混宝儿,1147,剑帝重生K,完本,2019-04-25 08:14:34,玄幻奇幻,800718
银川泉,110,导量I创间十银,连载中,2018-10-31 09:53:40,玄幻奇幻,45878
二十三声馋,554,大道逆行,连载中,2019-02-19 19:11:07,玄幻奇幻,1566758
空穗,148,破蝶,连载中,2019-02-01 00:30:53,玄幻奇幻,132027
毛毛妤,137,俊俏娘子帅相公,连载中,2018-08-31 23:30:14,玄幻奇幻,85310
柔宸,78,拈花一笑琉璃煞,连载中,2018-08-29 10:18:12,玄幻奇幻,11224
潇潇欲邪,482,1717之新美洲帝国,连载中,2018-09-25 03:29:33,玄幻奇幻,1111211
折翅de飞鸟,588,逆天枪帝,连载中,2018-11-08 22:24:21,玄幻奇幻,1907932
上古之云,260,乌龙魔君,连载中,2018-08-30 07:30:44,玄幻奇幻,234347
蟹子,570,七只妖夫逼上门：公主，请负责！,完本,2019-04-24 03:51:44,玄幻奇幻,974303
道玄师兄,705,战玄霄,连载中,2018-08-02 21:59:17,玄幻奇幻,3121367
九方阁鹉言,116,诘问道门,连载中,2018-10-17 08:52:19,玄幻奇幻,238278
事与愿违,83,灰戈,连载中,2018-08-24 22:47:53,玄幻奇幻,60776
我的婴儿肥,212,仙道本逍遥,连载中,2018-08-21 21:15:57,玄幻奇幻,73560
妖1殇,115,凤凰涅之嫡女重生记,连载中,2018-08-13 13:36:14,玄幻奇幻,63523
你是我的爱好,90,几世不忘,连载中,2017-08-27 19:51:42,玄幻奇幻,13690
秋水易佳人,186,远古传说之人族的荣耀,连载中,2018-09-03 19:45:00,玄幻奇幻,67082
风吹过的秋天,1395,绝色总裁爱上我,完本,2019-04-04 11:53:39,玄幻奇幻,5141329
一吱YIZI,68,只报仇不伸冤,连载中,2018-08-17 20:00:00,玄幻奇幻,73882
咫尺寸进,157,将魂天下,连载中,2018-09-03 10:20:16,玄幻奇幻,84439
卑劣的我,132,心之上,连载中,2018-10-29 13:33:01,玄幻奇幻,220881
浅草淡茶,148,天罪灵墟,连载中,2019-01-31 22:32:01,玄幻奇幻,1088531
乌山云雨,1275,玄天邪尊,完本,2018-08-07 08:46:48,玄幻奇幻,3106700
霜染三千青丝,128,三生三世碧海生天,连载中,2018-08-14 10:16:18,玄幻奇幻,289
喜乐不语,1122,凌天武皇,完本,2019-04-13 02:11:41,玄幻奇幻,1706787
诸葛流疯,92,观云记,连载中,2018-09-05 19:07:05,玄幻奇幻,25501
攀删,132,梦里应知身是客,连载中,2018-09-21 07:00:00,玄幻奇幻,121751
巧克幂,173,战神，我想要你,连载中,2018-08-01 15:48:47,玄幻奇幻,49834
笨蛋尼尼,295,永恒灵域,连载中,2018-10-24 22:14:55,玄幻奇幻,531593
独酌寒潭,122,侠影仙宗,连载中,2018-08-19 23:18:28,玄幻奇幻,95277
楚汐公子,47,漪澜情,连载中,2018-08-13 18:00:02,玄幻奇幻,47205
黑仔95,96,一叶之缘,连载中,2018-09-29 22:30:56,玄幻奇幻,72410
酒醉方知年少,238,覆道,连载中,2019-01-09 11:43:04,玄幻奇幻,48965
一只毛豆,142,异界男科圣手,连载中,2018-09-30 04:40:18,玄幻奇幻,437087
贪火燎原,1004,傲天邪神,完本,2019-01-14 17:38:44,玄幻奇幻,2854316
菡粟,135,废材小医神转世为妃,连载中,2018-08-01 17:27:02,玄幻奇幻,3760
皑皑血衣候,147,游戏世界纵横曲,连载中,2018-08-13 13:23:44,玄幻奇幻,45301
叶昭生错了,287,男昭女惜,连载中,2018-08-06 18:57:52,玄幻奇幻,20325
千幽墨雪,255,光暗法师,连载中,2018-10-05 12:43:03,玄幻奇幻,33243
奢后,131,传奇人生上官颖儿,连载中,2018-08-01 12:14:36,玄幻奇幻,6257
鲁路修,278,逃跑新娘：无心插柳柳成荫,完本,2019-01-14 00:36:49,玄幻奇幻,582810
爆炒小竹笋,191,择生死道,连载中,2018-08-31 23:14:30,玄幻奇幻,401714
果芭,1362,僵尸警察,完本,2019-01-15 10:25:40,玄幻奇幻,3440151
独狼,225,血魔妖尊,连载中,2019-01-07 23:36:44,玄幻奇幻,69777
云清见月明,118,魔战曲,连载中,2018-08-14 17:00:00,玄幻奇幻,216989
奔跑狐狸,1122,我在天庭建个群,完本,2019-01-09 06:51:47,玄幻奇幻,1602914
灰中余焰,212,武踏凌绝,连载中,2018-09-16 11:45:31,玄幻奇幻,425568
来碗米粉,251,天命决,连载中,2018-09-30 01:48:01,玄幻奇幻,1469285
诛仙帝皇,400,帝道鸿蒙,连载中,2019-01-08 16:16:47,玄幻奇幻,602947
咖啡馆的杀手,350,龙神之终极进化,连载中,2019-01-08 23:50:42,玄幻奇幻,649674
咬金陪你玩,8376,王者荣耀之无敌逆天外挂,连载中,2019-07-01 05:58:00,网游竞技,4130212
半步深渊,20943,变身国民女神,连载中,2019-07-01 09:36:00,网游竞技,2130563
中二的菌菇,67739,魔境主宰,连载中,2019-07-01 16:50:00,网游竞技,106982
漂泊的书生,7398,网游之逆天盗贼,连载中,2019-07-01 23:20:00,网游竞技,3609239
风味葡萄干,6884,王者荣耀之魔魂血凯,连载中,2019-07-02 12:00:00,网游竞技,2433086
雨末成风,1828,大神请小心,连载中,2019-07-02 22:18:00,网游竞技,1175682
失落的轻语,15602,超神学院之万界商城,连载中,2019-07-02 23:58:00,网游竞技,1430121
朕的小鱼干,21924,我舰少女,连载中,2019-07-02 00:17:00,网游竞技,200906
李小猫,2878,网游之诛神重生,完本,2019-07-03 03:32:34,网游竞技,2514389
索吻,3770,网游之神级大盗贼,连载中,2019-07-03 10:00:52,网游竞技,1092954
超级麦克风,360483,篮坛大流氓,连载中,2019-07-03 16:09:00,网游竞技,3950993
北城殇,324,网游之帝狼传说,连载中,2019-07-03 14:37:05,网游竞技,46347
阿窝,1770,九零农媳有点甜,连载中,2019-12-09 22:11:27,女频频道,752996
一页孤舟L,6303,我爸给我二十亿,连载中,2019-12-09 22:08:57,女频频道,1287777
黄肥虎,344,问题狂锋,连载中,2019-03-31 23:51:49,网游竞技,1777841
x海藏龙,15144,美漫世界里的大蛇,连载中,2019-07-03 22:51:00,网游竞技,825845
呆萌的萝卜,8827,大神别闹,连载中,2019-07-04 12:00:00,网游竞技,3032959
大唐长公主,1426,道姑Q楚,连载中,2019-12-09 22:11:53,女频频道,1520265
月见明桥影,6,空间嫡女：纨绔王爷碗里来,连载中,2019-12-09 22:11:25,女频频道,529138
素之烟,31,捡个大佬成女王,连载中,2019-12-09 22:12:58,女频频道,163526
凌冬至,0,穿成锦鲤的团宠日常,连载中,2019-12-09 22:14:33,女频频道,171140
夙无双,633,穿书之我是男三号,连载中,2019-12-09 22:17:18,女频频道,235824
美人药香,225,精分老公，请矜持！,连载中,2019-12-09 22:16:58,女频频道,304653
僵尸王不吸血,1434,妃常妖娆：摄政王，请下榻！,连载中,2019-12-09 22:13:56,女频频道,687931
彩虹鱼,3509,丧尸不修仙,连载中,2019-12-09 22:19:06,女频频道,6109883
水小苏,179,农门商后,连载中,2019-12-09 22:16:15,女频频道,665499
墨晚初,227,喜当妈,连载中,2019-12-09 22:22:47,女频频道,628957
苏起央,74,快穿女神又黑化了,连载中,2019-12-09 22:17:31,女频频道,269162
柠檬精成精,12,启晗,连载中,2019-12-09 22:23:44,女频频道,193394
绾心,9271,清妾,连载中,2019-12-09 22:24:06,女生小说,2881560
不吃香蕉,1028,战龙,连载中,2019-12-09 22:20:58,女频频道,369908
椰子絮,15,重生后我嫁给了死对头,连载中,2019-12-09 22:24:52,女频频道,123131
阿茹,725,重生六零农媳有空间,连载中,2019-12-09 22:20:53,女频频道,327609
曲大姚,310,嫡女掌乾坤,连载中,2019-12-09 22:28:06,女频频道,902189
少校同志,1056,御气罡天,连载中,2015-10-05 02:47:52,武侠修真,0
遮苏慕,1017,仙庭永慕,连载中,2015-10-05 03:06:38,武侠修真,0
火男儿,773,星际初临,连载中,2015-10-05 03:54:51,武侠修真,3054
竹鱼,3693,仙路独尊,连载中,2015-10-05 09:06:55,武侠修真,0
时间诵,228,四界传,连载中,2015-10-05 09:10:28,武侠修真,0
我不吃榴莲,1126,超品仙公子,连载中,2015-10-05 04:19:08,武侠修真,7580
周易商,961,天道独尊,连载中,2015-10-05 07:20:37,武侠修真,3396
球球蛋,654,星月修神录,连载中,2015-10-05 08:31:02,武侠修真,0
Loveless青衣,216,忆品楼,连载中,2015-10-05 09:34:38,武侠修真,0
谢宇章,713,御琴神,连载中,2015-10-05 11:03:01,武侠修真,0
燕云小阿摸,1301,长生月,连载中,2015-10-07 04:16:47,武侠修真,0
天灵混沌,1191,仙界尊神,连载中,2015-10-09 10:57:51,武侠修真,0
狂|,2441,武侠英雄大集结,连载中,2015-10-11 14:48:38,武侠修真,0
朔方冰河,742,醉梦仙侠传,连载中,2015-10-12 02:22:06,武侠修真,0
缚心术,545,希声,连载中,2015-10-08 01:13:30,武侠修真,0
青子寻剑,408,天剑流影,连载中,2015-10-13 00:29:08,武侠修真,0
路尽之后,3672,重生大帝,连载中,2015-10-11 04:01:14,武侠修真,0
不败裤腰带,351,圣战血海,连载中,2015-10-13 16:00:27,武侠修真,0
小桥01,1701,符石美人,连载中,2015-10-16 00:18:26,武侠修真,0
词铮,380,西游记之雍岭妖王,连载中,2019-01-03 20:30:15,玄幻奇幻,49438
热血不息,215,烈血传,连载中,2019-01-04 15:49:29,玄幻奇幻,208539
萌神大白,240,快穿之她床上的反派们,连载中,2018-02-14 10:10:51,玄幻奇幻,44524
羽梦黑白,168,羽梦血千古,连载中,2019-01-08 02:13:35,玄幻奇幻,190941
李家刀铺,198,初问道,连载中,2018-08-21 19:39:01,玄幻奇幻,97379
朵砸,246,娘子，为夫要吃糖,完本,2019-01-04 11:10:48,玄幻奇幻,381651
悲伤月,326,剑芒凌霄,连载中,2018-09-04 12:00:00,玄幻奇幻,1584208
允小胖,131,华巅录之仙神谣,连载中,2018-11-06 14:29:00,玄幻奇幻,1191346
柠檬小冰,175,隐神之谜,连载中,2018-08-31 16:21:07,玄幻奇幻,27213
旭寒幽,144,寒幽弃,连载中,2018-10-31 21:28:56,玄幻奇幻,47112
菜鸟爱吃鸡,161,始之仙灵界,连载中,2018-08-18 23:27:43,玄幻奇幻,59811
十七书,208,神灵阙,连载中,2018-08-15 23:16:43,玄幻奇幻,161480
郭天豹,160,逐虚,连载中,2018-08-17 19:00:34,玄幻奇幻,791270
卿离忧,146,君莫弃,连载中,2018-08-23 23:18:26,玄幻奇幻,50242
小瑜的慕逸辰,151,孤傲狂后风华绝代,连载中,2018-08-01 19:48:37,玄幻奇幻,87168
悠米酱,113,国师老公千金妻,连载中,2018-08-19 16:52:40,玄幻奇幻,344065
江少桐,108,溱洧,连载中,2018-08-01 22:50:49,玄幻奇幻,14764
黄羽,268,我若征天,连载中,2016-12-22 16:50:22,玄幻魔法,2469
跳子琪,773,斩天诀,连载中,2016-12-22 16:50:23,玄幻魔法,4013
退而结网,968,永恒佣兵,连载中,2016-12-22 16:52:02,玄幻魔法,1143
末灵荒苑,386,太岁纪年,连载中,2016-12-22 16:51:27,玄幻魔法,2649
莫乱与,974,逆天尸神,连载中,2016-12-22 16:51:03,玄幻魔法,1169
迪诺哥,1060,武灵星君,连载中,2016-12-22 16:51:08,玄幻魔法,1314
怒江流,865,万世之皇,连载中,2016-12-22 16:51:21,玄幻魔法,326922
血色精灵,681,八门战神,连载中,2016-12-22 16:52:34,玄幻魔法,7903
宇宙虎,926,神尊无极,连载中,2016-12-22 16:52:35,玄幻魔法,7607
高桥,330,剑亦有道,连载中,2016-12-22 16:59:18,玄幻魔法,29
线与纽扣,305,浩渺水域,连载中,2016-12-22 16:57:14,玄幻魔法,2929
暗音,226,纹章英雄传,连载中,2016-12-22 16:59:21,玄幻魔法,5162
氘川,239,EN之地狱归来,连载中,2016-12-22 16:59:52,玄幻魔法,3360
天机居士,630,独战星空,连载中,2016-12-22 16:59:52,玄幻魔法,4112
暮雨晨风,472,巅峰神座,连载中,2016-12-22 17:01:23,玄幻魔法,148576
叶仙冥,242,古道葬天,连载中,2016-12-22 17:01:30,玄幻魔法,105636
孤风一梦,137,幻灭无间,连载中,2016-12-22 17:01:36,玄幻魔法,20204
青巢皇帝,884,平行世界里的女孩们,连载中,2016-12-22 17:02:38,玄幻魔法,1789
冰河小白,322,魔翎异闻录,连载中,2016-12-22 17:03:12,玄幻魔法,196419
成风飘逸,839,极帝风云,连载中,2016-12-22 17:06:21,玄幻魔法,3973
蓝菡木,436,绝色炼丹师废柴七小姐,连载中,2018-09-01 09:31:28,女频频道,117233
樱曦雨,129,腹黑易少之樱花落雨,完本,2019-04-07 07:55:16,女频频道,37834
七星草,1539,七零年，有点甜,连载中,2019-04-07 06:26:00,女频频道,3136790
源水漾,246,大清九福晋,完本,2019-04-07 04:53:43,女频频道,502512
一个女人,152,女人就要狠,完本,2019-04-21 13:47:35,女频频道,1568626
寂寞的清泉,727,农女锦绣,完本,2019-04-04 10:59:54,女频频道,1448733
夕落cL,69,叶泛乾清时,连载中,2019-01-08 17:19:28,女频频道,77283
沈丝儿,93,夜半婚妆,连载中,2018-08-16 22:47:48,女频频道,63653
华梓霁,95,西陈旧月,连载中,2018-12-31 10:30:05,女频频道,591916
木田,194,逍遥归：公主，朕只要你！,完本,2019-04-07 03:27:06,女频频道,318733
林如斯,397,世间始终你最好,完本,2018-12-14 16:55:02,女频频道,150118
文安初心忆故人,129,艺术治疗师,连载中,2019-03-05 23:49:27,女频频道,696231
口红糖,161,邪皇妖后：盛宠傲世二小姐,连载中,2019-02-22 12:00:55,女频频道,3309808
乡间马路,633,极品太子妃升职记,连载中,2019-01-31 00:09:32,女频频道,2811474
玉酒酒,113,腹黑夫君，不要走,连载中,2019-03-02 07:46:09,女频频道,709612
百里南枝,113,楚门之浮生辞,连载中,2018-08-30 21:38:07,女频频道,97796
戈薇by,150,萌妻养成，顾少宠上天,连载中,2018-08-06 13:31:22,女频频道,33795
遇三珊,88,阳光宛如尘,连载中,2018-08-22 19:35:25,女频频道,141134
阿蓝伊,181,二婚老公不矜持,连载中,2018-08-31 09:00:00,女频频道,2201012
凰女,245,一代妖妃乱宫闱,完本,2019-02-14 02:50:25,女频频道,1163670
曦言曦诺,211,彼岸花开各两朵,连载中,2018-11-03 15:33:14,女频频道,392280
虚梦一场,117,蓝梦冰封之心,连载中,2018-10-02 23:39:01,女频频道,183373
风乱枫,142,王妃不乖：高冷王爷请淡定,连载中,2019-02-12 23:50:55,女频频道,3172218
雪条,269,腹黑世子的惊华世子妃,连载中,2018-10-31 21:57:13,女频频道,765303
姐带你飞,153,国师又在跳大神,连载中,2018-08-18 08:00:00,女频频道,171967
乐微,67,两相 忘,连载中,2019-02-14 14:21:01,女频频道,721500
冷冻的心,92,放开那三国这个女配不太坏,连载中,2018-08-08 11:53:32,女频频道,127449
萌萌哒殿下,154,兽世夫君，来种田！,连载中,2018-11-18 11:51:57,女频频道,1192488
贰娅,83,星辰与海,连载中,2018-08-31 23:12:11,女频频道,33196
妤世无争,50,单车上的恋情,连载中,2018-03-27 20:47:09,女频频道,23592
六安散人,83,神迹・轮回者,连载中,2019-03-07 09:32:26,女频频道,15816
浅浅烟花渐迷离,139,你好，总监大人,连载中,2018-11-17 12:58:14,女频频道,712783
婉离,71,君陌逍遥,连载中,2019-01-01 22:33:46,女频频道,480833
林因因,136,婚途陌路,连载中,2018-08-05 08:00:00,女频频道,1460597
飞烟著,886,绝色倾城3惟愿是你,完本,2018-04-16 18:27:45,女频频道,259416
灼笑・,74,他是我的风,连载中,2019-02-08 22:33:28,女频频道,13456
兔爰爰,120,迷途中的训练家,连载中,2019-02-12 00:53:20,女频频道,133932
随风无所追求,68,君爷爱美人,连载中,2018-10-02 19:26:46,女频频道,23700
鹿小策,689,她的小狼狗,连载中,2019-02-04 23:46:52,女频频道,876662
白首约,137,神学府,连载中,2019-02-26 11:31:52,女频频道,548223
白银月光,165,穿越之我是董鄂妃,连载中,2018-08-06 11:49:15,女频频道,32288
翳雪,150,盛宠黑客新娘,完本,2019-02-20 11:52:54,女频频道,1100562
穆笙歌,67,苍茫星,连载中,2018-08-16 09:00:00,女频频道,41198
遇冷为霜,72,秋风再起有你足矣,连载中,2018-08-14 23:51:14,女频频道,134834
@墨江城,128,影刃江湖,完本,2019-02-14 16:45:06,女频频道,12022
窝是秃顶小妖孽,106,冰诺寒爱,连载中,2018-08-29 21:46:47,女频频道,270224
卫小诺,70,男妃变,连载中,2018-08-04 19:47:39,女频频道,44976
木紫怜,90,冷魅太子医毒妃,连载中,2018-05-13 13:02:43,女频频道,210475
雪灵之,300,殇璃（倾城绝恋原作）,完本,2019-02-16 00:02:23,女频频道,144910
Zc,126,雀妆,连载中,2019-01-03 11:35:06,女频频道,807872
念酒公子,82,肃肃季女,连载中,2018-08-06 16:40:44,女频频道,27689
风清浅弄蝶,104,女扮男装之夫君太妖娆,连载中,2018-08-07 02:27:51,女频频道,9504
王悚,260,还珠格格之腊尽春来,连载中,2018-08-09 13:23:05,女频频道,125550
半情调,296,重生俏卿宝,完本,2019-02-14 13:50:13,女频频道,974111
水墨淡痕,124,隔壁大叔，请放手,连载中,2019-02-17 23:41:52,女频频道,7184
凡小珊,340,末世外挂有空间,连载中,2019-01-12 20:31:19,女频频道,617846
戴云,73,穿越成歌奴之我的歌奴皇后,连载中,2018-08-05 02:51:29,女频频道,5105
凤祺夜若,108,宸王的双面魔妃,连载中,2018-08-23 20:38:23,女频频道,542210
九锥姐姐,86,做你的老师来追你,连载中,2018-09-01 23:10:19,女频频道,128050
鲍丽丽,74,傲娇少爷追爱记,连载中,2018-08-05 18:02:13,女频频道,46010
夜南潇,373,天才儿子极品娘亲,完本,2018-03-12 19:17:08,女频频道,1461025
月阕,174,一嫁太监误终生,连载中,2018-07-21 00:51:23,女频频道,3480860
落戏秋,109,倾熙于染,连载中,2019-03-08 09:40:13,女频频道,5961
李洛书,122,快穿之反派至上,连载中,2018-08-05 15:14:39,女频频道,98860
百里兮枝,88,殇红尘,连载中,2018-08-29 06:00:00,女频频道,96041
陌上人如玉,193,眉间血,完本,2019-02-19 17:59:57,女频频道,896205
一只小鸭菌,203,落尽梨花月又西,完本,2018-11-29 13:15:58,女频频道,56939
江烨楚,102,江山送你之女王不霸气,连载中,2018-09-05 22:19:00,女频频道,140238
阿窝,1561,重回八零年代,完本,2019-02-23 09:45:37,女频频道,1570421
浅浅琉璃h,106,迷糊公主偶遇腹黑王子,连载中,2018-08-05 15:38:41,女频频道,7474
梅雨知时节,856,继后守则,完本,2019-02-20 14:43:24,女频频道,1779126
冰殇洛,87,邪魅男神：冷公主原谅我,连载中,2019-02-15 12:21:58,女频频道,13402
m刹,131,炼狱赤瞳之废物逆天,连载中,2018-08-08 22:55:21,女频频道,35437
僳爷,123,论侦探的虐狗日常,连载中,2019-02-16 16:24:05,女频频道,3984
尤妮丝,727,清宫妾妃,完本,2019-02-24 03:42:30,女频频道,2755189
Thalia,224,毒妃难宠,完本,2019-02-08 06:50:17,女频频道,622828
烟如漠,173,医世狂妃：帝尊，把持住,连载中,2018-09-30 06:05:00,女频频道,787701
上善若书,191,在清朝的日子,连载中,2018-10-31 20:15:12,女频频道,7829
夜迷香,157,弃女翻身仗,连载中,2018-09-26 19:39:22,女频频道,11487
我就要睡睡睡,1088,风华农女种田忙,连载中,2019-02-08 20:26:32,女频频道,694224
薄荷柠檬茶,216,逆女成凰：废材三小姐,连载中,2018-12-22 22:20:40,女频频道,857990
Aeline,428,余生有你便是晴天,连载中,2018-08-05 15:22:05,女频频道,10102
夜如画,348,霸道前夫别乱来：诱妻入局,连载中,2017-11-17 11:42:34,女频频道,1164506
莜苓末,145,刁萌妹子斗腹黑恶魔,连载中,2018-08-04 21:17:38,女频频道,493256
狐狸茶,139,闻君有两意,完本,2018-12-11 13:42:49,女频频道,31550
清闲一时,108,弈争天下,连载中,2018-09-06 23:36:26,女频频道,424539
晚归舟舟,143,甜萌鲜妻，腹黑总裁约会吧,连载中,2018-10-24 08:59:25,女频频道,93371
冰天雪兔,121,续红楼之梦中梦,连载中,2018-08-23 21:24:51,女频频道,2301
九樱子,98,冷漠公主pk钻石王子,连载中,2018-08-29 21:16:00,女频频道,152246
吻着的你,132,雨久,连载中,2018-08-07 08:33:28,女频频道,203140
眸中妖娆,58,血族密令殿下休要控制,连载中,2018-08-25 18:03:31,女频频道,223801
卿墨安染,73,穿越之生命倒计时,连载中,2018-11-10 15:23:36,女频频道,28783
哎唷,124,宠婚万万岁,连载中,2019-02-06 20:53:25,女频频道,965562
笙歌未晚,117,你多哄着我,连载中,2019-01-22 15:45:57,女频频道,848156
唐漠叶,588,豪门禁宠，顾少嗜妻成瘾,连载中,2018-11-11 22:56:04,女频频道,422317
泪盈莹,118,弥笙,连载中,2019-02-03 10:47:39,女频频道,3869
暮世狂歌,111,六界，天选者,连载中,2019-02-03 07:43:35,女频频道,6985
茉简,72,tfboys之古代穿越,连载中,2017-04-22 11:51:46,女频频道,6942
清枫聆心,496,重生打造完美家园,完本,2019-02-19 23:17:51,女频频道,1545664
拾朱,88,泠然半生,连载中,2018-08-24 18:54:49,女频频道,130630
冰雪轩音,241,重生邪王宠妃,完本,2016-02-21 21:29:43,女频频道,271001
流水泱泱,121,最萌皇子妃,连载中,2018-08-13 18:40:00,女频频道,322537
十月将心,367,邪王的嚣张医妃,连载中,2018-08-11 22:00:00,女频频道,3048950
花飞梦,146,影后重生，陆少盛宠小甜妻,连载中,2019-02-27 20:58:43,女频频道,14055
是黄家小瓜啊,87,共余生,连载中,2018-08-07 23:48:57,女频频道,43104
糖心没有心,160,浴火王妃,连载中,2019-02-12 08:11:16,女频频道,1179869
七月w,104,王爷要淡定,连载中,2018-08-22 00:00:07,女频频道,425440
浅漠淡微,102,衔冷阳,连载中,2018-08-22 17:45:22,女频频道,194432
洛花央,221,无宠不欢,连载中,2018-09-03 14:31:38,女频频道,9968403
金镶鱼,1543,贵女娇妃,完本,2019-02-08 04:42:55,女频频道,1173223
花儿度,500,二次初恋,连载中,2018-09-17 08:00:00,女频频道,147035
是南九卿呀,111,浔锦记,连载中,2018-08-16 23:58:06,女频频道,47900
默小北,194,你是我不可触及的伤,连载中,2019-01-28 15:17:31,女频频道,795284
清新沫研,2327,穿越魔道祖师,连载中,2018-12-04 22:51:58,女频频道,78943
木木帅,295,农家小医妃,连载中,2019-02-08 04:11:50,女频频道,1032738
卿若蜉生,112,叹夕朝,连载中,2018-08-26 19:57:12,女频频道,92190
江糖,79,复仇的谎言,连载中,2017-05-13 00:58:35,女频频道,51524
关塘,133,倩女传,连载中,2019-01-04 23:44:32,女频频道,2143711
姚颖怡,210,最春风,连载中,2019-02-21 22:19:48,女频频道,2422209
梦里周,107,别后缠绵:霸妻上瘾,连载中,2018-11-21 15:37:05,女频频道,40958
苏斗儿,212,一夜皇妃,连载中,2019-02-21 13:46:47,女频频道,619370
倾城蓝雨,284,烟雨红尘集,连载中,2018-08-19 11:49:20,女频频道,34757
蓝金丝百合,102,美女日记之离歌,连载中,2019-01-31 11:00:00,女频频道,1681207
黛墨,241,妾色,完本,2019-02-23 15:52:38,女频频道,1106378
玖叔,86,不为谁而作得书,连载中,2018-08-11 08:00:00,女频频道,21031
陌落兮,116,魔帝嗜宠逆天三小姐,连载中,2018-08-12 14:40:43,女频频道,55008
在下阿衿,102,夫人你跑啥,连载中,2018-08-04 22:36:53,女频频道,45
吃遍天下的神,199,任务之时空穿越,连载中,2019-02-23 20:43:16,女频频道,13886
蒋宇飞,98,阎罗秘史,连载中,2019-02-22 23:06:48,女频频道,1246068
总小悟,587,侯门福妻,完本,2019-02-21 14:16:24,女频频道,1787732
雨露飘飘,95,同桌你喜欢我吗,连载中,2018-08-08 17:08:09,女频频道,90673
迪拉米酥,116,谪仙路有你,连载中,2018-08-13 20:58:00,女频频道,16328
美眉BOSS,96,穿越之嫣知非福,连载中,2018-08-04 22:52:28,女频频道,14946
芷非鱼,114,万岁喵大人,连载中,2019-02-26 22:51:30,女频频道,11890
冷水温,71,雪晴艳阳天,连载中,2018-08-05 20:53:16,女频频道,72341
紫芙萝,138,重生之恋爱有点甜,连载中,2018-10-25 18:07:28,女频频道,172237
南棉西霞,99,蛇仙缘,连载中,2018-09-25 22:00:00,女频频道,193147
一枚青叶,335,田园娇宠,连载中,2018-11-30 20:20:01,女频频道,1035692
木木小夕,217,逆天狂妃：废物四小姐,连载中,2018-10-15 18:00:00,女频频道,3401387
千陌h,63,TF之不完美公主,连载中,2018-09-15 15:13:26,女频频道,57592
风止于潇,138,时空快穿，双冲大佬冲击时,连载中,2019-02-23 14:10:13,女频频道,4510
二谦,199,网游之有间黑店,连载中,2019-02-24 11:27:53,女频频道,2582355
闻人巷陌,76,何妨一听,连载中,2018-11-13 07:34:43,女频频道,144118
梦三生著,235,汉室瑶光（全集）,完本,2018-01-09 18:09:46,女频频道,501244
冷梦儿,70,璨儿的爷,连载中,2018-08-27 22:39:36,女频频道,66474
神h萧梦,90,陌说神琦:继承人萌萌哒,连载中,2018-08-15 23:50:47,女频频道,213191
李一鸣,91,现实让我无法嫁给你,连载中,2018-08-06 10:57:59,女频频道,37948
呆呆月,154,重生之学霸轻点撩,连载中,2018-10-04 19:35:53,女频频道,138323
江若影,173,考古娘子做皇妃,连载中,2019-03-01 15:31:22,女频频道,2862102
九穗禾,137,绯色,连载中,2019-04-19 02:46:37,女频频道,192629
秋水熠熠,145,忠犬强攻头号男友,连载中,2019-01-08 21:39:06,女频频道,2656380
淡淡雪花飘,398,老婆在上总裁在下,连载中,2018-09-02 12:14:36,女频频道,3103121
何兮,478,嫡女为谋：冷面将军苏到了,完本,2018-11-25 23:57:29,女频频道,122326
思思诺,153,霸道男爱上学霸女,连载中,2018-09-26 15:48:01,女频频道,499845
云衣轻扬,155,燃成灰,连载中,2018-10-03 09:00:00,女频频道,980657
小硕鼠5030,4424,穿越七十年代之军嫂成长记,连载中,2019-02-28 13:57:13,女频频道,2203206
惜河,54,tfboys之枷锁之匙,连载中,2018-08-10 11:20:00,女频频道,40542
吖盈,150,生当夏花,连载中,2018-10-30 22:14:33,女频频道,142461
霓裳依相,91,江畔何人初见栎,连载中,2019-02-24 21:10:33,女频频道,16162
半尾猫,134,纨绔医妃惹不起,连载中,2018-09-14 14:04:54,女频频道,79427
薇薇陌雨,89,迷途之青春不散,连载中,2019-02-14 15:46:54,女频频道,66313
淡薄凉心,106,腹黑王的傲娇小妃子,连载中,2018-08-04 21:57:34,女频频道,5455
金钱草,72,风花雪月皆是梦,连载中,2018-12-04 20:00:45,女频频道,142048
夜恋凝,324,凰后归来,完本,2019-03-31 13:09:23,女频频道,981768
一个女人,1465,妾大不如妻,完本,2019-04-20 12:36:23,女频频道,2306229
梦想的初衰a樱灵梦心,83,TF少年忆流年繁花,连载中,2017-03-24 12:35:20,女频频道,87033
锁心微甜,84,花样少女伪装恋,连载中,2018-08-27 19:55:34,女频频道,104012
宋相思,89,婚有独钟,连载中,2019-02-25 17:23:39,女频频道,16907
同一片星空,76,红袖河山,连载中,2018-08-06 15:49:22,女频频道,1572
龙鱼圣子,89,梦里青春少年,连载中,2018-08-16 17:31:18,女频频道,134103
久氏,57,晴城不负君,连载中,2018-08-06 19:22:31,女频频道,12498
殇玖兮,63,美男娃娃机,连载中,2018-08-13 00:29:40,女频频道,26105
洛星恋,83,澈之爱雪之恋,连载中,2018-08-05 16:21:37,女频频道,14104
包包紫,314,末世好孕,连载中,2019-03-03 16:05:35,女频频道,1665845
天醉轻语,298,特工狂妃：废柴六小姐,完本,2019-02-02 13:12:22,女频频道,1242274
漠云瑶,87,执酒意,连载中,2018-09-30 23:21:51,女频频道,226033
年华岁月,115,我的诸葛先生,连载中,2019-01-05 13:43:54,女频频道,58600
夏天风吹落的叶,85,蓝色妖姬之华影,连载中,2018-10-18 17:04:50,女频频道,15050
岁莫,93,世界尽头的我和你,连载中,2018-10-09 22:11:50,女频频道,312928
窜天飞猴,161,湛蓝的星空,连载中,2018-10-21 08:00:00,女频频道,571260
封尘萧,113,重生校园太张狂：封殿，要低调,连载中,2019-03-05 12:00:00,女频频道,6200
红泥小树懒,116,瑾梦江山,连载中,2018-08-09 15:40:06,女频频道,671148
狗王余煞呀,86,魔君我们走,连载中,2018-10-22 21:56:57,女频频道,51979
臻蒲,155,凤争之奴御天下,连载中,2018-08-31 23:10:48,女频频道,264452
冬天的柳叶,361,凡女仙葫,完本,2019-04-01 17:02:15,女频频道,2467370
萝莉酥,129,风沐尘萧,连载中,2018-12-09 23:11:53,女频频道,97066
观阁,78,一成锦瑟一笑颜,连载中,2018-08-06 13:28:58,女频频道,14387
花胜,124,劫迟归,连载中,2019-03-03 23:52:51,女频频道,40055
媚落雨妖,102,三生缘陌王追妻狐妖妻,连载中,2018-08-16 21:46:18,女频频道,36581
贺一笑而过,127,几度婚凉,连载中,2018-12-24 07:49:56,女频频道,1040838
旧瑾黎汐,76,校草你制杖吗,连载中,2017-03-01 20:05:19,女频频道,165789
顾仁棉,249,采石记,连载中,2019-03-07 17:19:52,女频频道,2161807
凤栖桐,387,重生之天运符师,连载中,2019-03-09 10:36:15,女频频道,3533941
沧澜止戈,573,重生左唯,完本,2019-03-09 09:57:08,女频频道,7201027
故里梓兮,86,折翼失心只为你,连载中,2018-09-30 20:43:52,女频频道,70037
檐下铃,145,乱江湖之箫动君心,完本,2019-03-06 12:53:09,女频频道,445651
易沐,729,凤染君策,完本,2019-03-06 14:52:30,女频频道,1301807
李从南,107,风吹海上燕,连载中,2018-08-06 21:17:04,女频频道,3886
浮生落幕,197,快穿男神：炮灰男配逆袭攻略,连载中,2018-09-30 23:00:00,女频频道,576831
莫以薰,108,快穿：他若怜惜,连载中,2018-08-25 22:35:45,女频频道,17158
夏娜长歌,117,凰归故里,连载中,2018-09-06 23:07:54,女频频道,350105
琬英,318,穿越逆袭来种田,连载中,2018-11-22 20:31:38,女频频道,2133404
落旧城,94,未白头,连载中,2018-11-08 10:02:43,女频频道,539862
天空飘来一朵云,79,听说我是你还想找的那个人,连载中,2019-03-03 23:43:31,女频频道,2212
蜜糖扳指,171,画中仙绮霞传,连载中,2018-11-14 21:02:44,女频频道,952083
韩恋心,143,落樱之恋,完本,2018-01-26 17:16:58,女频频道,585003
千汐月,94,探个案吧，冥王君,连载中,2019-01-04 19:27:00,女频频道,740520
绿锤拍基,113,秦稳稳的七雄哥哥,连载中,2018-08-05 20:38:27,女频频道,35656
灵琅01,141,轻狂帝凰：邪皇别挡道,连载中,2019-03-04 00:04:15,女频频道,4128
李家暮暮,95,给力娇妻：总裁乖乖回家,连载中,2019-04-09 15:50:54,女频频道,97842
粉笔的自述,132,你是我的左心房,连载中,2018-10-04 22:10:12,女频频道,1035392
非已,393,卜一,连载中,2018-10-29 21:06:45,女频频道,412911
莫南歌,550,隐秘娇妻：坏坏老公，真要命,连载中,2018-11-06 13:19:49,女频频道,7365738
一个女人,448,妾本贤良,完本,2019-04-22 21:54:10,女频频道,2049074
变有钱,113,你比繁星更耀眼,连载中,2018-11-14 22:51:38,女频频道,407776
请记住我,117,吾的薄情公主,连载中,2018-11-12 22:25:05,女频频道,51378
妤萱,63,我的未来有个你,连载中,2018-08-24 00:17:52,女频频道,35132
且为东风住,340,重生之侯门毒妃,连载中,2019-03-09 01:08:34,女频频道,815444
萧魂夜,840,天才萌宝寻爹记,完本,2019-03-27 22:09:06,女频频道,550877
浅色岁月,120,你该回来了,连载中,2018-08-21 22:18:43,女频频道,64743
清木子,128,夏少你再甜一点,连载中,2018-09-14 23:58:39,女频频道,77422
杨思语一,230,快穿之种田系统,连载中,2018-08-10 17:18:34,女频频道,73424
秦子桑,564,女以娇为贵,完本,2019-03-08 23:15:14,女频频道,1062992
枯叶妖娆,344,邪王毒妃惊天下,完本,2019-03-07 21:32:37,女频频道,482836
风遥遥,46,伊人江湖笑,连载中,2018-08-06 18:38:06,女频频道,23976
Ok女神heyihe,70,初见即是相恋时,连载中,2018-11-25 10:52:01,女频频道,30336
商璃,1451,诛锦,完本,2019-03-07 05:11:40,女频频道,1411632
桑柳白,62,烟雨繁华梦如歌,连载中,2018-08-05 21:17:34,女频频道,8768
泽锐,141,呆萌萝莉穿越记,连载中,2018-08-06 19:06:27,女频频道,4238
九月逃逃,115,混世妖孽：小汩儿传,连载中,2018-10-23 23:30:28,女频频道,589789
倾城雪沫,71,噬血的后盾,连载中,2018-08-13 02:42:56,女频频道,11738
猫咪鼠宝,134,半生城,连载中,2018-08-14 01:13:34,女频频道,16250
沐轻,156,嫡女毒谋：王爷，请小心,连载中,2018-11-26 13:46:25,女频频道,390052
痿,123,权后,连载中,2018-07-02 20:46:24,女频频道,819602
柳寒烟醉,134,总裁的冤家老婆,连载中,2019-03-24 22:06:53,女频频道,290006
锦瑟九h,75,乱世世子妃,连载中,2018-08-12 20:19:10,女频频道,3016840
南山法师,96,二年之约,连载中,2018-08-19 23:56:41,女频频道,73901
鬼爱灵,173,克夫王妃,完本,2019-04-24 01:22:55,女频频道,242942
棉花糖的思念,187,一鹿热吧第二部,连载中,2019-01-30 21:05:45,女频频道,186836
咩咩桑,280,慕嫡娇,完本,2019-03-23 11:51:16,女频频道,1494404
水草二十三,154,月西女传：无字悲,完本,2019-03-23 22:21:13,女频频道,811450
凉迪,68,古来有你,连载中,2018-08-19 03:16:08,女频频道,85559
落黎殇,116,花开半夏流寂年,连载中,2018-08-16 17:30:43,女频频道,16903
筱任性,69,混血公主你不乖,连载中,2018-08-23 23:59:31,女频频道,33983
秋日菠菜,276,甜妈萌宝寻爹记,完本,2019-04-04 00:57:53,女频频道,638301
梁米,121,多情只有离庭月,连载中,2019-03-10 13:12:46,女频频道,13855
左人,72,双姝,连载中,2018-08-26 09:10:27,女频频道,105766
红尘轻舞,208,误惹腹黑相公：来嘛，英雄,完本,2019-03-12 02:39:51,女频频道,452180
玫幻瑰皇,71,初夏诺言,连载中,2018-08-17 23:08:51,女频频道,27437
偶阵雨,189,寡情暴君：冷妃尚妖娆,完本,2019-03-24 03:43:36,女频频道,1964884
尘洛夕,626,绝色废后,完本,2019-03-23 03:32:36,女频频道,397659
自在观,212,周氏医女,连载中,2019-03-29 00:37:36,女频频道,6143291
萧罗宋,72,邪魅宫主腹黑妖妻,连载中,2018-08-11 12:05:57,女频频道,1210
让让我要开花,94,穿越之傀儡有灵,连载中,2018-08-18 23:18:01,女频频道,750249
娴雅玫瑰,179,恶魔校草，谁怕谁！,完本,2019-04-05 19:15:55,女频频道,695294
七星草,281,军少鲜妻火辣辣,连载中,2019-01-02 10:03:18,女频频道,647347
东尧青,128,恬静如秋花正好,连载中,2018-08-17 22:09:27,女频频道,302137
王王今,82,我拿青春来等你,连载中,2019-03-10 13:54:17,女频频道,317899
欧阳葶苈,133,佛系少女婚恋记,连载中,2018-08-12 12:00:47,女频频道,922385
觅城,55,待不枉,连载中,2018-08-16 19:10:45,女频频道,28598
一笑倾晨,339,老公大人，强势宠,连载中,2019-03-26 10:08:05,女频频道,1885118
菲利斯多,150,银白的死神,连载中,2019-02-12 23:34:11,女频频道,1501293
王微悠令,302,重生军少小仙妻,连载中,2019-03-08 09:15:00,女频频道,1402944
周八宝,86,喜欢你的时间,连载中,2018-09-01 23:32:05,女频频道,28019
峨嵋,215,乘龙,完本,2019-04-20 23:16:26,女频频道,670889
姗星灿烂,330,王妃要休夫,完本,2011-01-31 17:48:27,女频频道,385445
姣姣如卿,473,六零时光俏,连载中,2019-03-21 15:20:38,女频频道,2766700
焉知冷暖,329,嘿，老男人,完本,2019-03-27 10:57:02,女频频道,477934
一半夏天,65,温言晓语,连载中,2019-04-05 14:42:21,女频频道,285601
六月浩雪,547,重生之温婉,完本,2019-03-29 18:46:12,女频频道,6077155
蓝云舒,515,大唐明月,完本,2019-04-07 07:08:08,女频频道,1218379
杨小爱,2021,农女种田忙,连载中,2019-03-31 17:29:12,女频频道,2204918
菲霏斐,103,妖孽王爷的绝世小毒妃,连载中,2018-08-16 20:46:31,女频频道,58587
寒叶玮炜,38,夏流殇,连载中,2019-04-10 00:04:49,女频频道,77972
九小叶,61,桃之夭夭只盼你一笑,连载中,2018-10-03 14:39:15,女频频道,7727
舒静,112,矜华,连载中,2019-03-25 00:39:22,女频频道,527185
七妖格格,218,逆袭之废柴大小姐,完本,2019-04-02 23:08:23,女频频道,943192
语令,65,彼端的你,连载中,2018-08-17 19:42:47,女频频道,7794
如宝馨,64,爱在失去时,连载中,2018-09-26 23:30:27,女频频道,296381
小山茉莉,186,恶魔殿下的绝版溺宠,完本,2019-03-30 21:05:50,女频频道,1046569
月霜1108,97,守护甜心之倾心绝恋,连载中,2019-01-24 21:17:49,女频频道,180451
柠陌烟,114,唯愿你能安好,连载中,2018-10-15 18:41:23,女频频道,675305
L公爵,166,千金巨星：小叔叔，求宠爱,连载中,2019-03-26 17:59:26,女频频道,25770
公子小九,333,盛宠嫡妃,完本,2019-03-24 05:17:53,女频频道,132876
叶柳笙,101,小女异瞳,连载中,2018-11-07 09:58:38,女频频道,198826
七姐弟,202,将门独女之特种兵,连载中,2018-10-09 23:57:30,女频频道,490224
柒霜,52,痞子大少快走开,连载中,2018-08-25 23:49:56,女频频道,34441
我在草原放狼,164,重生 布衣娘子,连载中,2018-08-19 18:51:36,女频频道,256450
花小幸,63,七木笋,连载中,2018-08-19 23:12:50,女频频道,23264
吃鱼鱼的喵喵,58,一枝温暖的花,连载中,2019-03-26 15:12:07,女频频道,286245
琉璃雪夜,43,玫瑰园之恋,连载中,2018-08-12 23:35:24,女频频道,2175
安徽临泉韦寨王子文,62,漂泊的爱与情,连载中,2018-09-01 21:18:40,女频频道,117136
荼小妖,451,残王嫡妃,完本,2019-04-17 19:18:29,女频频道,272673
燕知否,94,站住小怂包,连载中,2018-08-23 10:53:05,女频频道,51170
默默不得许,101,青春的小尾巴,连载中,2018-08-12 15:47:20,女频频道,25674
萌太齐,120,最美的诗,连载中,2019-02-17 23:38:21,女频频道,25400
果子姑娘,116,姑娘好心机,连载中,2019-03-30 09:38:46,女频频道,2363756
樱花倩影,115,我用一生赴你整个青春,连载中,2019-03-03 22:38:47,女频频道,248821
提莫大队长,260,农门商女：悍夫来种田,连载中,2018-12-31 15:00:00,女频频道,1520007
亦辰,548,名门宠媳,完本,2019-03-28 08:49:39,女频频道,4022340
花千辞,215,国子监来了个女弟子,完本,2019-03-27 04:07:45,女频频道,665907
藤蔓,335,邪凤御龙：压倒小夫君,完本,2019-03-29 13:38:25,女频频道,2706267
藤蔓,215,许你一生：独宠逃家王妃,完本,2019-03-29 12:59:18,女频频道,604412
爱默丁,131,女捕头,完本,2019-03-27 04:44:52,女频频道,763517
文安初心忆故人,625,南有不夜城,连载中,2018-10-14 22:00:11,女频频道,14095
香山红叶,42,也曾匆匆,连载中,2018-08-20 10:58:07,女频频道,26652
小酒轻狂,644,禅月,完本,2019-04-02 13:52:42,女频频道,14472
长空月,113,侯爷缠婚：青梅小毒妻,连载中,2019-04-18 23:47:25,女频频道,501335
墨染成书,98,偷心阁主甩不掉,完本,2019-04-24 23:01:50,女频频道,529150
蓝家三少,582,菩提雪,完本,2019-04-03 07:39:39,女频频道,785486
安一川,62,你好恰时光,连载中,2018-08-17 22:52:38,女频频道,157142
湿砚,58,赖上江湖,连载中,2019-03-30 15:43:06,女频频道,335736
匪我愆期,125,醉仙,连载中,2019-01-28 23:54:35,女频频道,16763
何兮,181,点绛唇,完本,2018-05-23 16:47:25,女频频道,13630
九鱼,173,羔羊,完本,2019-04-21 19:24:41,女频频道,1209915
赵暖暖,789,军妆,完本,2019-04-20 13:56:38,女频频道,5709791
我就特别懒,194,我有一座恐怖美食屋,连载中,2019-04-01 00:09:11,女频频道,229431
悦动心弦,977,庶妻,完本,2019-04-04 18:15:17,女频频道,757455
揽辰星,129,草包逆袭：傲娇夫君欠调教,连载中,2018-08-13 11:21:55,女频频道,302480
欢和蕃,489,boss 轻撩：呆萌小老婆,完本,2019-04-04 16:01:51,女频频道,1629639
夏了一场雪,151,拐个御史回现代,连载中,2018-12-31 23:45:31,女频频道,710661
陌上行歌,62,三世爱恋唯爱相寻,连载中,2018-08-11 20:27:51,女频频道,257204
善喜勿怒,61,两生变,连载中,2018-08-29 01:30:03,女频频道,15642
恋别秋天的月,188,腹黑王爷的俏皮妃,连载中,2018-10-20 21:33:27,女频频道,880256
嫣脂红,133,源来真爱在身边,连载中,2019-01-29 13:44:34,女频频道,584191
桃七七,1411,凶猛世子妃,连载中,2019-04-06 19:19:38,女频频道,2602809
娇俏的熊大,309,福妻嫁到,连载中,2019-04-25 11:37:16,女频频道,2030610
睿宝妈咪,544,闪婚总裁溺宠妻,完本,2018-01-23 13:14:10,女频频道,1014852
阿默女,137,吻火,连载中,2018-12-02 22:44:46,女频频道,235057
董夏,130,消魂引,完本,2019-04-06 02:35:19,女频频道,52012
阿嘎酱,83,一颗绊脚石,连载中,2019-04-05 20:22:50,女频频道,73790
爱下雨的猫,55,最美的景色不过井然,连载中,2018-08-16 13:17:29,女频频道,43953
夜南思,88,穿越之第一迷糊妃,连载中,2018-09-26 22:15:23,女频频道,16193
湘女梦,97,真爱与苦难,连载中,2018-08-17 14:07:06,女频频道,310539
萱草1,1656,毒宠小狂后,连载中,2019-04-05 17:57:39,女频频道,1752746
馆君,114,十年如一初,连载中,2019-01-04 21:31:21,女频频道,528831
墨诗,293,旺家小娘子,连载中,2019-02-04 08:51:43,女频频道,231603
笙竹箫歌,60,三生桃花簪,连载中,2018-08-14 00:31:53,女频频道,13116
七殿下,461,粘人傻夫君：独宠纨绔萌妃,完本,2019-04-04 03:44:30,女频频道,1573730
琼灵,526,重生之盛宠嫡妃,完本,2019-04-03 23:16:34,女频频道,939067
冬雪晚晴,332,仙姿物语,完本,2019-04-22 22:11:13,女频频道,864727
安悠离,101,星光下的陪伴,连载中,2018-10-21 13:53:51,女频频道,197724
欧妮雅,158,狂傲女帝：美男请上榻,连载中,2018-11-30 14:00:00,女频频道,1774032
苹果小姐,189,名门女帝,连载中,2018-12-02 16:02:06,女频频道,1472435
星梦清河,125,花式撩妻,连载中,2018-09-19 09:08:45,女频频道,5605191
海绵暴暴,133,糙汉少女恋爱记,连载中,2018-09-18 11:11:33,女频频道,870445
顾哈哈,67,庶女要翻盘,连载中,2018-08-18 02:13:40,女频频道,7682
大衣柜,104,合约老公晚上见,连载中,2019-02-13 18:31:10,女频频道,214654
袁秋,522,绝色倾天下,完本,2019-04-08 20:24:00,女频频道,361007
不问明天,98,归来仍旧是少年,连载中,2018-08-16 23:29:06,女频频道,17201
懂了,87,网王之蓝梦,连载中,2018-08-25 16:00:06,女频频道,17811
饭团桃子控,364,贵女重生记,连载中,2019-04-10 07:59:17,女频频道,873294
镪强,88,穿越乞丐难为后,连载中,2019-03-17 22:32:28,女频频道,516494
诽墨,84,云之彼端的少年,连载中,2018-08-29 07:47:36,女频频道,14542
轻易,74,女尊之天下美男归我莫属,连载中,2018-08-20 23:18:28,女频频道,11222
凉宵,105,全世界我只剩下你,连载中,2019-03-22 23:21:40,女频频道,728174
府天,405,冠盖满京华,完本,2019-04-19 15:27:57,女频频道,2068758
寒武记,401,原配宝典,完本,2019-04-19 18:29:30,女频频道,3937165
咸客,358,限量婚宠：报告军长，我有了,连载中,2019-03-19 18:20:22,女频频道,927930
苏夜北,91,凤破九霄：废材逆天小姐,连载中,2018-08-01 17:16:51,女频频道,10953
林如斯,326,江城风月夜,完本,2019-04-09 01:20:00,女频频道,362693
D无问西东,115,属驴的小子,连载中,2018-08-16 21:23:34,女频频道,125116
唐优优,450,替嫁太子妃,完本,2019-04-19 03:26:44,女频频道,1146357
意迟迟,1732,闺宁,完本,2019-04-19 01:09:20,女频频道,1075922
箫九六,710,重生八零驭夫有道,连载中,2019-04-21 22:57:23,女频频道,1232777
粞娅,94,携手看世间繁华,连载中,2018-08-26 23:15:25,女频频道,8904
无微不至,445,重生之肥妹翻身,连载中,2018-11-03 23:23:26,女频频道,3381786
纪茗,164,吾爱倾城：天使之爱,完本,2019-04-22 00:30:44,女频频道,324916
酸柠檬,664,他来时翻山越岭,连载中,2018-12-17 23:35:29,女频频道,155987
璎殇,47,一样相思,连载中,2019-02-11 20:19:09,女频频道,7463
AMOUR江皖泠,66,流光夏染繁星似你,连载中,2018-08-17 14:25:39,女频频道,35265
十三幺顾明,75,庭院不知深,连载中,2019-02-10 00:54:56,女频频道,42537
半木瓜,105,山歌如刀,连载中,2019-03-14 15:27:45,女频频道,294107
王缘清,59,帝王明意,连载中,2018-08-13 00:11:59,女频频道,15604
浣晓青,828,原始兽妻生存记,完本,2019-04-17 22:23:03,女频频道,3582934
一个女人,266,嫁娶,完本,2019-04-20 07:01:18,女频频道,867984
衣布衣出,225,妇贵,连载中,2019-04-16 16:18:53,女频频道,2786784
半山的鱼,97,娇皇,连载中,2019-03-21 17:13:18,女频频道,73751
茶凉人意,75,醉玖,连载中,2018-08-16 15:50:02,女频频道,555195
梅村,120,院上坟,连载中,2018-10-31 22:59:34,女频频道,1341362
smile小花,78,年少往事,连载中,2019-04-21 16:02:00,女频频道,37558
慕清,113,你是迟来的暖风,连载中,2018-12-23 09:33:12,女频频道,735204
古典绿,206,爱似繁锦,完本,2018-08-16 16:57:04,女频频道,54858
源源冰儿,98,灵妃羁,连载中,2019-04-21 07:47:25,女频频道,1010622
冬雪晚晴,285,天下无妖,完本,2019-04-22 09:44:48,女频频道,799244
云鹿安生,78,左风少年,连载中,2018-08-21 08:50:30,女频频道,7555
书秋,86,灵魂死祭,连载中,2018-10-12 20:00:20,女频频道,374441
Loeva,538,生于望族,完本,2019-04-22 17:46:22,女频频道,1952553
金子来,421,闪婚老公的秘密,完本,2019-04-24 07:25:33,女频频道,795327
我见青山多妩媚,125,娇娇世子妃,连载中,2018-10-23 16:27:39,女频频道,476537
雪一枚,80,X与H的星球日志,连载中,2018-08-17 18:49:42,女频频道,3939
羡鸳,100,网游之阿布勒生存计划,连载中,2019-04-21 02:32:06,女频频道,2260022
沧澜止戈,242,盛唐无妖,连载中,2019-04-21 01:18:51,女频频道,2643086
飘荡墨尔本,221,邂逅调香师,完本,2019-04-21 09:00:39,女频频道,445411
兮嬷嬷,714,末世重生之空间商人,连载中,2018-08-23 14:17:56,女频频道,298472
府天,388,富贵荣华,完本,2019-04-20 03:11:48,女频频道,1524175
兰瑾沐岚浅,1793,穿越到魔道祖师,连载中,2018-08-19 06:00:00,女频频道,74250
楚熙玖,52,致我们回不去的过往,连载中,2018-08-16 17:04:10,女频频道,3479
云芨,606,一仙难求,完本,2019-04-20 10:55:03,女频频道,2543703
yzmb,183,项链里的空间,完本,2000-01-01 00:00:00,女频频道,0
苍q,242,苍虎,完本,2000-01-01 00:00:00,女频频道,0
陶陶,369,媚骨,连载中,2018-08-31 17:33:08,女频频道,62591
程败,153,双生咒,连载中,2018-11-02 18:39:41,女频频道,193981
五花又,239,王妃是个小胖墩,连载中,2018-10-01 22:31:39,女频频道,207803
汤叶子,107,他又冷又难缠,连载中,2018-08-24 22:56:07,女频频道,111026
小梦橘,217,五位少爷求放过,连载中,2018-08-21 22:13:48,女频频道,6871
沈萝,106,二十五岁的她们,连载中,2018-10-15 21:53:11,女频频道,128228
紫薯酱,236,凤朝江山,完本,2019-04-22 05:26:58,女频频道,2059655
周小妞,217,亲爱的小媳妇,连载中,2019-01-15 19:50:23,女频频道,23507
小见,135,此药解情毒,连载中,2018-10-12 19:35:29,女频频道,228586
绾绾流年,339,朱颜女将,完本,2019-04-22 18:08:26,女频频道,563442
玉流苏,407,惊世狂凤：腹黑废材大小姐,连载中,2018-08-20 18:00:03,女频频道,1076038
蝈小猫,362,重生最强纨绔：邪少，强势宠！,连载中,2018-12-27 10:08:00,女频频道,1716395
沐清浅,1147,花香满园巧种田,完本,2019-04-22 17:18:16,女频频道,1351367
晓云,546,凤唳九天,完本,2019-04-25 03:39:39,女频频道,1794427
若王子,84,战恋芳华：无双,连载中,2019-01-08 19:51:34,女频频道,303018
茗末,433,弃妇也逍遥,完本,2019-04-22 01:58:02,女频频道,902098
一朵66,211,遇陆衍，乱终生,完本,2018-10-01 09:53:23,女频频道,341659
言情小乖,315,穿越之庶女当妖娆,完本,2019-04-13 16:00:43,女频频道,345818
刀疤公子,98,洛笙笙歌,连载中,2018-11-20 15:36:14,女频频道,56769
木月日雨,93,邪魅王爷沐血妃,连载中,2019-02-24 15:54:19,女频频道,147082
艾莎姐姐,138,穿越之七公主的爱情,连载中,2018-08-16 10:51:01,女频频道,174446
喻辉,75,喻贵南喻辉的诗歌,连载中,2019-02-23 19:52:46,女频频道,68922
柒月凉心,95,苍华若梦浮生若歌,连载中,2018-02-11 13:09:28,女频频道,28033
风雨蕙,840,重生八零：发家致富虐虐渣,连载中,2018-09-08 21:10:11,女频频道,841046
北亭惜,58,我们所拥有的未来,连载中,2019-04-23 21:51:10,女频频道,2128
老庄墨韩,328,小楼传说,完本,2019-04-22 21:38:07,女频频道,4582164
亦坞,65,盛大的暗恋,连载中,2018-08-06 22:38:12,女频频道,10765
时语柒,142,忠犬世子宠妻无度,连载中,2019-01-28 11:57:40,女频频道,240717
伊依2017,86,守护甜心之杨柳依依,连载中,2017-09-22 18:55:46,女频频道,30928
末果,317,俊男坊,完本,2019-04-20 23:46:33,女频频道,1772899
孟长曦,507,元气拯救队之暖雪,连载中,2018-11-16 22:54:53,女频频道,58955
景夕言,206,江少的小逃妻,连载中,2018-11-03 17:00:00,女频频道,761008
纪柠语,167,云疏,连载中,2019-04-19 14:09:41,女频频道,4308883
艺X爱羊,92,穿越之再见不如不见,连载中,2018-08-15 20:41:24,女频频道,5524
Herose至尊黎子阳,75,旋风少女之柒个我,连载中,2018-09-23 14:21:49,女频频道,217426
清闲一时,71,是均力敌,连载中,2018-08-17 14:22:48,女频频道,4685
徐霖,136,来自地狱的死亡诅咒,连载中,2018-09-04 14:07:26,女频频道,134706
月光神话,294,朕的弃后很倾城,完本,2019-04-17 02:37:28,女频频道,146274
弦清亦舒,129,秦少宠妻公式：你说的都对,连载中,2018-11-08 20:39:05,女频频道,709503
陌曦颜霏雪,58,落华时分,连载中,2018-10-02 00:51:47,女频频道,4766
曳幽,76,彼岸：三女王复仇血恋,连载中,2018-08-12 21:25:16,女频频道,13912
临江之枫,183,我回来了，你还在吗,完本,2019-04-19 22:26:52,女频频道,460037
墨轻愁,510,一品御厨,完本,2019-04-16 04:48:24,女频频道,1633182
大饼卷万物,125,不二臣,连载中,2018-09-23 22:31:49,女频频道,111226
叩华,77,美男志,连载中,2019-02-10 12:16:22,女频频道,36150
熙魔仙,127,大叔的无敌宝贝儿,连载中,2018-08-12 19:53:24,女频频道,44946
恰病娇少女,85,她的坏缠上你了,连载中,2018-09-23 11:40:40,女频频道,341053
泪千姒,577,宫倾,完本,2019-04-23 17:17:17,女频频道,409971
伊如笙,124,笑面特工天降彪悍妃,连载中,2018-08-23 21:20:18,女频频道,29936
张芷言,132,宫心,连载中,2019-04-14 08:47:39,女频频道,1547271
慕容心悦,72,楠娶宇嫁,连载中,2018-08-15 23:39:40,女频频道,10956
南莫,55,愿与卿老卿可知晓,连载中,2018-09-27 13:36:50,女频频道,41383
柳锦年,62,允你一世而不言,连载中,2018-08-13 09:33:28,女频频道,44175
清风霁月,312,盛世嫡女传,连载中,2019-04-16 02:54:17,女频频道,621008
墨涵元宝,213,我不狠，站不稳,完本,2019-02-05 05:07:51,女频频道,1228539
懒懒妞儿,166,相决绝,完本,2019-01-30 13:31:50,女频频道,25272
兮若风,116,冷家二小姐,连载中,2018-08-13 10:21:36,女频频道,10256
轮回中等你回来,71,青春的旅途我不孤单,连载中,2018-08-16 11:20:18,女频频道,21559
尤妮丝,726,大清佳人,完本,2019-04-14 06:25:11,女频频道,1946857
夜靥,94,情定两世：我是你的玲珑妃,连载中,2016-03-12 23:17:54,女频频道,164453
卿曲,75,食君之禄,连载中,2018-12-31 21:27:32,女频频道,38009
白颦州,137,民国纪事MINGUO,连载中,2018-08-05 01:28:25,女频频道,70567
羽佳一鸣,77,残梦惊情录,连载中,2018-10-20 19:08:51,女频频道,243852
杜家小勺,120,我愿与你共度时光,连载中,2018-07-10 14:48:48,女频频道,1098
琉璃珞,115,嫡女荣华：夫君请自重,连载中,2018-03-12 19:18:30,女频频道,1455868
大梓梓,112,当最后一片树叶落下时,连载中,2019-01-06 21:32:07,女频频道,8632
白熊君,110,君上，随我出征吧,连载中,2019-01-07 11:00:40,女频频道,1066843
泠熙尘,156,最美初恋,连载中,2018-08-10 21:32:15,女频频道,29969
无墨兮,395,定制婚宠：少帅，请矜持！,连载中,2019-01-06 21:46:40,女频频道,2278785
七分钟的温暖,276,公子莫逃,连载中,2018-08-01 22:36:26,女频频道,4784
夏日轻雪,1291,空间小农女,完本,2018-12-20 02:50:11,女频频道,2417772
小丫头莫儿,270,繁花归来,连载中,2018-10-09 18:00:00,女频频道,293444
七秒钟,388,肥妻翻身：凛少，你的羊皮掉了,连载中,2018-08-07 07:39:36,女频频道,1601019
檀言,103,情深几许半世浮沉,连载中,2018-07-30 18:16:46,女频频道,11200
蓝斑,364,禽惑婚骨,完本,2017-07-12 23:45:48,女频频道,2250454
琳琳,306,99度深爱：顾少的绝爱冷妻,连载中,2018-11-13 00:04:41,女频频道,6639367
好吃的菜包,372,先婚后爱：权少的迷糊小老婆,完本,2018-06-27 00:20:07,女频频道,4081050
鱼酱,222,你听风在吹，我在等你归,完本,2017-09-30 16:50:03,女频频道,1339337
苏青玉,271,前夫，再嫁难钟情,完本,2017-09-24 17:48:08,女频频道,812395
苏家大小姐,167,潋滟生波,完本,2017-07-07 19:35:50,女频频道,79200
白玉亭,132,妃命难抗,连载中,2018-09-21 00:08:54,女频频道,3516272
黯檬,147,风逝花残,连载中,2017-08-19 01:28:48,女频频道,8679
林杳儿,107,来归亭,连载中,2018-08-02 22:16:54,女频频道,28250
池晗,99,小狐狸别怂,连载中,2019-01-29 23:44:34,女频频道,13478
浅浅烟花渐迷离,409,春风十里有娇兰,完本,2017-10-31 10:20:29,女频频道,1968406
一笑静仪,112,拒婚无效：许先生乖乖投降,连载中,2018-08-03 15:10:12,女频频道,26962
山乔子,93,抱花眠,连载中,2018-08-10 18:24:49,女频频道,35009
木松林森,112,废材宠妃七小姐,连载中,2018-10-11 15:02:06,女频频道,17939
夜半歌,168,得之我幸,连载中,2018-12-11 09:03:11,女频频道,5352
笙歌未晚,173,许你风光大嫁,完本,2017-12-13 08:00:27,女频频道,929863
苏贞又,150,我又不是你的谁,完本,2016-10-16 16:13:14,女频频道,602898
十月暗香,783,战王追妻：嫡女难娶,完本,2016-07-21 23:48:07,女频频道,1267252
单家三公主,134,未曾遇见的幸福,连载中,2018-08-05 00:10:02,女频频道,4367
画九卿,208,妃居而上,连载中,2017-08-28 22:04:06,女频频道,199988
过儿,171,我曾拥有你，真叫人心酸,连载中,2017-08-16 14:24:54,女频频道,554857
赋司月,364,花式追妻：总裁媳妇又跑了,完本,2018-07-05 12:55:26,女频频道,1065497
沉,508,妾心如宅,完本,2018-12-19 14:41:31,女频频道,1255080
玲珑秀,245,衣冠望族,完本,2018-12-19 03:02:37,女频频道,1634177
阿意的行李箱,110,不会哭的陈安琪,连载中,2018-07-30 20:30:04,女频频道,2445
木莉,182,拆了心墙来爱你,完本,2017-03-19 22:34:31,女频频道,301380
恪纯,171,炮灰（精修）,连载中,2017-10-25 10:50:46,女频频道,81576
污婆汤,252,断了弦，续不上的曾经,完本,2018-04-22 21:12:36,女频频道,12508
凉薄四少,155,专宠小甜心：总裁轻轻抱,连载中,2018-12-18 19:02:02,女频频道,8979
海螺姑凉,145,因为有你才懂爱,连载中,2018-09-24 18:43:22,女频频道,6641
楚千墨,464,弃妃，别来无恙,连载中,2018-07-31 11:28:16,女频频道,3870982
沉,242,帝业缭绕,完本,2018-12-20 23:50:14,女频频道,1313144
微辣的鸡排,156,十七岁的雪,连载中,2018-11-06 23:24:14,女频频道,5215
陌上君,162,惊世半妖：魔君宠上天,连载中,2019-01-07 02:38:22,女频频道,1560981
湘诺,401,重生弃女当自强,连载中,2018-07-31 23:28:10,女频频道,1882564
iPhone酱,1223,我的刺婚时代,完本,2017-12-10 09:25:06,女频频道,1420074
竹子柒,195,猫的时光旅行,连载中,2018-07-30 20:00:00,女频频道,24
一洳,145,蛊女有毒,连载中,2019-01-06 22:27:46,女频频道,497446
厘媛,166,等待流星划过的我们,连载中,2018-07-30 14:00:00,女频频道,5401
薰衣猫,153,不同的路,连载中,2018-07-30 11:44:43,女频频道,4817
林雨忆,156,开在昨天的花,连载中,2015-03-30 12:31:47,女频频道,62044
蛮巷,644,一顾长情,连载中,2018-08-20 21:50:07,女频频道,52702
窦之,112,落夕传,连载中,2018-08-07 18:51:12,女频频道,68025
四叶荷,3044,军嫂的彪悍时代,连载中,2019-01-01 09:38:34,女频频道,2721001
九月岚,152,卿卿半情歌,连载中,2018-08-08 09:10:26,女频频道,38964
梓凝玉,126,繁星丛中一点月,连载中,2018-08-02 13:02:29,女频频道,3460
卫柯人,147,思江楼,连载中,2018-07-30 23:23:58,女频频道,144938
溯安城,146,葬花颂,连载中,2018-07-30 13:28:50,女频频道,3767
七月未落,294,快穿：宿主又在作死,连载中,2018-12-25 00:00:00,女频频道,17646
背包熊,265,丑女大作战,连载中,2018-09-20 22:22:53,女频频道,616285
蓝月公主,185,超能悍妻：拐个总裁当备胎,完本,2019-01-06 01:54:09,女频频道,1398828
晓说们,132,医仙娘亲极品儿,连载中,2018-07-31 21:16:43,女频频道,69969
顾盼有情,156,论获得总裁垂青的方式,连载中,2018-08-02 22:09:52,女频频道,569954
今竺梦瑶,105,人生轮回定不付你,连载中,2018-08-05 23:28:27,女频频道,5359
仓璐,120,千雪流冰,连载中,2018-08-02 17:48:41,女频频道,22639
花落一瞬,131,高冷男神给爷笑一个,连载中,2018-07-28 14:01:14,女频频道,5398
秋冬夏,190,心初遇你,连载中,2018-02-19 12:39:47,女频频道,99351
落流年似水,100,错了彩铅,连载中,2018-07-31 11:11:50,女频频道,5940
墨墨如画,458,法医毒妃，王爷榻上见,完本,2019-01-03 22:35:56,女频频道,3313338
步摇佳人,110,囚城,连载中,2018-03-14 09:45:56,女频频道,440466
吸血小妖兔,180,宄苫椋合嗲99次,完本,2018-11-30 21:04:08,女频频道,343877
紫熙小宝,85,傲娇萌主,连载中,2018-08-22 16:23:18,女频频道,18379
方羿,152,最初的诺言,连载中,2018-07-31 18:36:08,女频频道,2496
尧木,719,天才儿子嚣张妈咪,完本,2018-12-28 05:15:41,女频频道,4401954
苏凉音,126,赠你一片星空,连载中,2018-07-30 12:51:35,女频频道,5510
站下车,650,带着淘宝回六零,连载中,2018-06-29 23:50:15,女频频道,255497
倚楼人,147,静若璃落,连载中,2018-08-02 13:27:28,女频频道,4504
天焱纪元,194,三国之荣耀传奇,连载中,2018-07-31 21:06:04,女频频道,5008
箫溪,304,芳邻爹地赖定你,完本,2019-01-01 14:52:19,女频频道,729518
空髅智,75,美人笑靥：许我一世苏东坡,连载中,2018-10-28 11:55:08,女频频道,37841
中国移不动,153,闪婚成爱：我的微信女友,连载中,2018-05-31 23:25:12,女频频道,145061
莎含,870,透骨生香,完本,2018-12-28 06:48:53,女频频道,412241
牧笙哥,444,重生之军长甜媳,连载中,2018-11-02 19:11:04,女频频道,1245709
浮花,153,眉眼如故,连载中,2018-07-30 20:25:22,女频频道,25824
梦晴雪,126,TFBOYS十年之约永远爱,连载中,2019-01-08 00:32:06,女频频道,564416
傲娇樱,143,男人的甜言蜜语,连载中,2018-08-02 10:19:17,女频频道,7881
公子子规,111,百川只取一瓢水,连载中,2018-07-25 13:20:53,女频频道,6373
不懂的痛,101,穿越之爱如尘沙,连载中,2018-07-30 11:47:51,女频频道,26796
古木灵,155,深情浅谈,连载中,2018-06-05 18:03:27,女频频道,5893
小舞01,131,不乖娇妻,连载中,2019-03-01 08:00:00,女频频道,817694
邪小桐,235,天后大牌：BOSS溺宠小邪妻,连载中,2018-09-08 18:44:22,女频频道,223184
夜空雨,176,樱花雨的秘密,连载中,2018-07-31 19:55:28,女频频道,96521
禾维,455,秦非得已,完本,2019-01-01 02:54:33,女频频道,1793421
曦枫岚h,187,琉夏传,连载中,2018-09-26 00:09:26,女频频道,374096
南柯梦呓,161,单身女青年,连载中,2018-08-09 23:05:12,女频频道,75545
昭陌,92,重生之凤女驾到,连载中,2018-07-31 19:49:17,女频频道,5151
古有佳人,115,凤之语,连载中,2018-08-03 16:26:19,女频频道,12934
胖鲤鱼跃龙门,165,穿越之异世王妃来还情,连载中,2018-07-31 11:58:46,女频频道,36037
诗小酒,198,书不成字纸短情长,连载中,2018-12-22 14:36:58,女频频道,11563
桃夭花凉,163,嫁给前世的你,连载中,2018-07-30 16:44:42,女频频道,1365
夜凌郗,178,天价弃妃,完本,2019-01-02 00:20:38,女频频道,1125515
荷荨儿,576,田园小福妻,连载中,2018-12-23 07:30:39,女频频道,1279505
幕铭i夕颜,135,冥王殿下的系统特工专宠妃,连载中,2018-04-04 19:56:29,女频频道,1834
寻寻墨墨,117,初恋就在遇见时,连载中,2018-07-30 23:39:25,女频频道,12759
夕萌儿,142,三偶像王子PK三偶像公主,连载中,2018-08-05 19:00:52,女频频道,13417
咬书的猫,92,娇妃难当：夫君很腹黑,连载中,2019-02-08 09:53:47,女频频道,380893
masha,59,灵兔奚黛,连载中,2018-07-27 13:03:27,女频频道,5945
忆情缘,64,忘尘灵,连载中,2018-10-20 13:56:13,女频频道,9008
归籽儿,179,陌上良人,连载中,2018-08-03 17:36:37,女频频道,8699
三胖的心头肉,107,我的青春开了个小差,连载中,2018-07-30 22:13:48,女频频道,638
墨凝儿tsx依梦韵,99,柳下潇潇苑中笑,连载中,2018-07-30 14:17:46,女频频道,1211
樱落三千,228,暴君的偷心宠妃,连载中,2018-08-10 14:08:34,女频频道,1628713
端木诺晴,752,掠爱：错惹冷情王爷,完本,2018-12-30 11:35:35,女频频道,1874167
小飘姑娘,164,爱你划地为牢,连载中,2018-08-24 15:28:23,女频频道,47801
诺妮,169,后来的我们成了江湖传闻,连载中,2018-07-30 16:47:32,女频频道,665
只要是梦到最后还是会醒,155,王者三公主,连载中,2018-03-31 20:09:12,女频频道,3186
伏木,453,假戏真做吃掉你,完本,2018-12-22 10:59:56,女频频道,677947
明目明心,9859,短篇小说合集,连载中,2018-12-21 16:54:13,女频频道,435327
晋雪艺,579,娇妃不好养,连载中,2018-12-30 22:00:00,女频频道,1187900
桃心然,133,《这样恋着多喜欢》（精修版）,完本,2017-08-07 17:40:24,女频频道,2753820
待到晨光熹微处,90,青春里的白皮书,连载中,2018-07-30 17:19:06,女频频道,3786
华楹,106,斯文战争,连载中,2018-07-30 09:17:04,女频频道,598764
非墨非攻,209,雪落高墙锁金枝,完本,2018-05-21 11:18:04,女频频道,70563
Sadness夏子,138,彼岸笙歌,连载中,2018-08-06 00:39:27,女频频道,12094
雾岚山岳,106,神级校花别撩我,连载中,2018-12-20 04:20:36,女频频道,2252638
若以青争,203,妃来横祸,完本,2017-06-27 00:12:26,女频频道,74819
无心出岫,207,何时微霜有清音,连载中,2018-08-06 16:46:52,女频频道,266102
时光淡了记忆,92,媛子配洛杰的爱恋,连载中,2018-07-31 13:14:59,女频频道,13738
土豆冻了,205,小姐！你家摄政王重生了,连载中,2019-01-09 05:06:31,女频频道,649949
楼以姝,143,娇娘念,连载中,2018-07-31 11:42:54,女频频道,16541
